Modelo,Accuracy,Tempo (min)
DenseNet121 + Adam,0.42133334279060364,23.984631435076395
DenseNet121 + SGD,0.12566666305065155,12.692685282230377
